Aberdeen,Anderson Park,SD,,1
Abilene,Everman Park Downtown,TX,,2
Adrian,Old Lenawee County Courthouse,MI,,3
Akron,Main and Mill,OH,,4
Alameda,Intersection of Park St. & Santa Clara Ave.,CA,,5
Alamosa,Cole Park,CO,,6
Alamogordo,White Sands Boulevard,NM,,7
Albany,West Capitol Park,NY,,8
Albany,Linn County Courthouse,OR,,9
Albert Lea,Freeborn County Detention Center,MN,,10
Albuquerque,Civic Plaza,NM,,11
Alexandria,Kingstowne Towne Center (glassy area),VA,,12
Alliance,Box Butte County Courthouse,NE,,13
Alpine,Brewster County Courthouse lawn,TX,,14
Alvarado,Prairieland Detention Center,TX,,15
Amarillo,Sanborn Park,TX,,16
Ambler,Kohler Park Horsham,PA,,17
Anacortes,Corner of 12th and Commercial,WA,,18
Anchorage,Delaney Park Strip,AK,,19
Andalusia,Court Square,AL,,20
Anderson,Dickmann Town Center Park,IN,,21
Andover,Intersection of rt. 133 and rt. 28 (Shawsheen Square),MA,,22
Angels Camp,Utica Park,CA,,23
Angola,First Congregational United Church of Christ,IN,,24
Ann Arbor,The Diag,MI,,25
Antler,,ND,,26
Appleton,Houdini Plaza,WI,,27
Arkville,,NY,,28
Arlington Heights,Village Hall; North School Park,IL,,29
Asbury Park,Springwood Park,NJ,,30
Asheville,68 Haywood,NC,,31
Ashland,Ashland County Courthouse Lawn,WI,,32
Astoria,"Astoria, 16th and Marine Drive, river side",OR,,33
Athens,UGA Arch,GA,,34
Atlanta,Atlanta City Detention Center,GA,,35
Auburn,Toomer's Corner,AL,,36
Auburn,Longley Bridge,ME,,37
Augusta,Maine State House,ME,,38
Aurora,,CO,,39
Aurora,City Hall,IL,,40
Austin,Texas State Capitol,TX,,41
Avalon,Casino Building to Wrigley Stage,CA,,42
Bainbridge Island,Waypoint Park,WA,,43
Bakersfield,ICE Office 800 Truxtun Ave,CA,,44
Baltimore,Patterson Park,MD,,45
Bangor,Cascade Park,ME,,46
Bar Harbor,Bar Harbor Village Green,ME,,47
Barnstable,Barnstable Village,MA,,48
Barnstable,Unitarian Church of Barnstable,MA,,49
Barrington,In front of Rep. Peter Roskam's Barrington Office,IL,,50
Barstow,Fountain next to Union Bank,CA,,51
Bath,"In front of the Customs House, on Front Street ",ME,,52
Baton Rouge,US Border Patrol Office,LA,,53
Battle Creek,Calhoun County Justice Center,MI,,54
Bay St Louis + Pass Christian,Bay Bridge,MS,,55
Bayside,"Bell Blvd LIRR entrance, West Side of Street",NY,,56
Beacon,Polhill Park,NY,,57
Beaver,Beaver County Court House,PA,,58
Bedminster,Clarence Dillon Public Library,NJ,,59
Belchertown,Belchertown Common,MA,,60
Bellingham,Bellingham City Hall,WA,,61
Bend,NW Greenwood Ave & NW Bond St (NE Corner) - Diagonal from Walden's office,OR,,62
Berkeley,"Old City Hall Steps, 2134 Martin Luther King Jr Way",CA,,63
Bethlehem,Payrow Plaza,PA,,64
Big Rapids,Big Rapids Community Library,MI,,65
Billings,Yellowstone County Courthouse,MT,,66
Binghamton,Federal Building,NY,,67
Birmingham,Caldwell Park,AL,,68
Bisbee,Iron man statue/ Coshise County Court House,AZ,,69
Bishop,Bishop Park,CA,,70
Bloomington,Monroe County Courthouse,IN,,71
Bluffton,Bluffton Village Town Center,SC,,72
Boca Raton,Sanborn Square,FL,,73
Boise,Idaho State Capitol Building,ID,,74
Bonney Lake,18211 State Route 410 E,WA,,75
Bordentown,,NJ,,76
Boston,City Hall Plaza,MA,,77
Boston,South Bay House of Correction,MA,,78
Bothell,Intersection of Bothell Way NE and Woodinville Drive,WA,,79
Boulder,Unitarian Universalist Church of Boulder,CO,,80
Boulder,Walk around Thunderbird Lake at Frasier Meadows Retirement Community,CO,,81
Boulder City,,NV,,82
Bowling Green,Senator Rand Paul’s Office,KY,,83
Bowling Green,BG Green Space (Wooster Green),OH,,84
Bozeman,Bozeman Public Library,MT,,85
Brainerd,Along Washington Street near Brainerd Historic Water Tower,MN,,86
Brattleboro,Brattleboro Common,VT,,87
Bremerton,Evergreen Rotary Park,WA,,88
Brenham,Town Square,TX,,89
Brewster,1st Parish UU Church,MA,,90
Bridgeport,Sts. Peter and Paul Ukrainian Catholic Church,PA,,91
Bridgeton,Cumberland County Courthouse,NJ,,92
Bridgewater,Town Common,MA,,93
Bristol,Bristol Sign,TX,,94
Brookline,,MA,,95
Brooklyn,,NY,,96
Brownsville,Centro Cultural de Cameron Park,TX,,97
Brunswick,City Hall,GA,,98
Brunswick,Brunswick Town Hall,ME,,99
Bryan,Congressman Bill Flores' Bryan District Office,TX,,100
Buchanan,,TN,,101
Buffalo,US District Court for the Western District of New York,NY,,102
Burbank,,CA,,103
Burlington,Carolina Flea Market,NC,,104
Burlington,Burlington Municipal Building,NC,,105
Burlington,"Start at top of Church Street, end at Battery Park",VT,,106
Buzzards Bay,Bourne Bridge Rotary (Cape Cod side),MA,,107
Calexico,Imperial Regional Detention Facility [1572 Gateway Rd.],CA,,108
Camarillo,770 Paseo Camarillo,CA,,109
Canton,Canton Village Green,NY,,110
Cape May,Washington Mall,NJ,,111
Carbondale,First Presbyterian Church,IL,,112
Carlsbad,Cannon Park,CA,,113
Carlsbad,"Eddy County Courthouse Lawn, Canal Street",NM,,114
Carpinteria,Peace Corner,CA,,115
Casper,Pioneer Park,WY,,116
Cedar Falls,Outside the office of congressman Rod Blum,IA,,117
Cedar Rapids,Sokol Park,IA,,118
Chadron,Downtown Plaza,NE,,119
Champaign,Champaign public library to intersection of Green and Neil,IL,,120
Chandler,WF Chandler,AZ,,121
Chapel Hill,Chapel hill Court house,NC,,122
Charleston,Custom House,SC,,123
Charlotte,First Ward Park,NC,,124
Charlottesville,Albemarle County Office Building,VA,,125
Chatham,Sidewalk in front of Town Hall,MA,,126
Chattanooga,Renaissance Park/Coolidge Park,TN,,127
Chicago,Richard J. Daley Center,IL,,128
Chico,City Plaza,CA,,129
Cincinnati,Washington Park,OH,,130
Claremont,Memorial Park,CA,,131
Clermont,Sunnyside Plaza,FL,,132
Cleveland,Market Square Park,OH,,133
Clifton,Main Memorial Park,NJ,,134
Cobleskill,Veterans Park,NY,,135
Coeur d'Alene,Picnic Shelter Riverstone Park,ID,,136
Colorado Springs,City Hall,CO,,137
Colrain,,MA,,138
Columbia,Boone County Courthouse,MO,,139
Columbia,South Carolina State House,SC,,140
Columbus,Ohio Statehouse,OH,,141
Columbus,the plaza in Colombus to the Puerto Palomas border crossing,NM,,142
Concord,Todos Santos Plaza,CA,,143
Concord,NH State House,NH,,144
Conway,Main Street,NH,,145
Conway,,NC,,146
Cookeville,Cookeville Town Square,TN,,147
Cooperstown,Cooperstown Pioneer Park on Main Street,NY,,148
Coos Bay,Coos Bay Boardwalk,OR,,149
Corpus Christi,Cole park,TX,,150
Cortland,Christ Community Church,NY,,151
Corvallis,,OR,,152
Coupeville,Island County Courthouse,WA,,153
Covington,St. Tammany Justice Center,LA,,154
Cranston,Slate Hill Park near the ACI,RI,,155
Crawfordville,ICE Detention Center,FL,,156
Cumberland,Corner of Baltimore and Liberty Streets,MD,,157
Dade City,Historic Downtown Courthouse,FL,,158
Dallas,Dallas City Hall,TX,,159
Dallas,outside ICE building near Stemmons Freeway,TX,,160
Dalton,parking lot of Delray Farms Fresh Market on East Walnut Avenue,GA,,161
Damariscotta,The Bridge at Newcastle And Damariscotta,ME,,162
Darlington,Darlington City Square (Courthouse),SC,,163
Dartmouth,in front of Bristol County Sheriff’s Office,MA,,164
Davenport,Vanderveer park,IA,,165
Davidson,Davidson Village Green,NC,,166
Dayton,Courthouse Square-Montgomery Co,OH,,167
Daytona Beach,Corner of International Speedway Blvd and Beach Street,FL,,168
Deep River,Town Hall,CT,,169
Deland,Corner of New York Ave & Woodland,FL,,170
Delaware,Bicentennial,OH,,171
Dennis,In Front of Town Hall,MA,,172
Denton,Denton County Courthouse on The Square,TX,,173
Denver,Civic Center Park,CO,,174
Des Moines,Iowa State Capitol,IA,,175
Detroit,Hart Plaza,MI,,176
Detroit,Clark Park,MI,,177
Detroit Lakes,Veteran's Memorial Park,MN,,178
Dodge City,Dodge City Medical Center Parking Lot,KS,,179
Dothan,Angel Of Hope Statue (Westgate Park),AL,,180
Dover,Legislative Mall,DE,,181
Downers Grove,DG North: Main St Parking Lot; Fishel Park,IL,,182
Doylestown,Old Bucks County Courthouse,PA,,183
Dublin,City Hall Plaza,CA,,184
Duluth,MN Power Plaza,MN,,185
Dunkirk,"Washington Park,",NY,,186
Durango,Buckley Park,CO,,187
Durham ,,NC,,188
East Haddam,Two Wrasslin' Cats,CT,,189
East Meadow,Nassau County Correctional Facility,NY,,190
East Quogue,East Quogue Park,NY,,191
East Setauket,,NY,,192
Eastham,Windmill Green,MA,,193
Easthampton,Millside park,MA,,194
Eau Claire,Eau Claire Wilson Park,WI,,195
Edinburg,Edinburg county court,TX,,196
Edison,Oak Tree Pond Park,NJ,,197
Edwards,Edwards Rest Stop,CO,,198
El Cajon,City Hall,CA,,199
El Paso,San Jacinto Plaza,TX,,200
Elgin,Corner of Kimball Street and Grove Avenue,IL,,201
Ellensburg,"Rotary Pavilion, 104 East 4th Avenue",WA,,202
Elmira,Wisner Park,NY,,203
Encinitas,Swami's Beach Park (above the beach),CA,,204
Englewood,Depot Square,NJ,,205
Essex Junction,5 Corners,VT,,206
Eugene,"Kesey square, also known as Broadway Plaza",OR,,207
Eureka,,CA,,208
Evansville,Winfield K Denton Federal Building (Public Sidewalk),IN,,209
Everett,Snohomish County Superior Court,WA,,210
Fair Harbor,,NY,,211
Fairbanks,Golden Heart Plaza,AK,,212
Fairfield,"Sherman Green Gazebo, Downtown Fairfield",CT,,213
Fairfield,Central Park Square,IA,,214
Falmouth,Falmouth Village Green,MA,,215
Fargo,downtown Fargo Library,ND,,216
Farmington,Farmington Post Office,ME,,217
Farmington,in front of museum,NM,,218
Fayetteville,Town Center,AR,,219
Fire Island,,NY,,220
Flagstaff,Flagstaff City Hall,AZ,,221
Flemington,courthouse,NJ,,222
Flint,The Downtown Flat Lot,MI,,223
Florence,Mobile Plaza (North Court Street @ East Mobile Street),AL,,224
Ford Smith,74th Street (sidewalk in front of the post office),AR,,225
Fort Bragg,Town Hall,CA,,226
Fort Gratiot,"Birchwood Mall, on the right of way not the mall itself",MI,,227
Fort Myers,Old Fort Myers County Court House,FL,,228
Fort Wayne,Allen County Courthouse Green,IN,,229
Fort Worth,Tarrant County Court House,TX,,230
Framingham,Memorial Building,MA,,231
Frankfort,Breidert Green,IL,,232
Franklin,"The Gazebo in Downtown Franklin, NC - Across from the Courthouse",NC,,233
Frederick,Vista Shopping Center,MD,,234
Fremont,Veterans Park at Fremont Superior Court House,CA,,235
Fresno,Courthouse Park,CA,,236
Friday Harbor,San Juan county district court lawn,WA,,237
Gallup,East Historic Highway,NM,,238
Gainesville,City Hall,FL,,239
Galveston,4700 Seawall Blvd,TX,,240
Gastonia,Martin Luther King Monunment,NC,,241
Geneva,Geneva Lakefront Visitors Center,NY,,242
Gilette,Lasting Legacy Park,WY,,243
Glen Ridge,Glen Ridge Congregational Church,NJ,,244
Glen Rock,Steps of Glen Rock Borough Hall,NJ,,245
Glens Falls,Rep. Stefanik's office,NY,,246
Glenview,Glenview Veteran's Memorial,IL,,247
Glenwood Springs,Sayre Park,CO,,248
Goshen,Elkhart County Courthouse Steps,IN,,249
Gouldsboro,,ME,,250
Granbury,Hood County Courthouse,TX,,251
Grand Forks,Parking Garage behind the County Office Building,ND,,252
Grand Junction,Mesa County Old Courthouse,CO,,253
Grand Marais,Harbor Park,MN,,254
Grand Rapids,Rosa Parks Circle,MI,,255
Grand Rapids,"Central School, Downtown Grand Rapids",MN,,256
Grants Pass,,OR,,257
Granville,Town Green,MA,,258
Grass Valley,Brunswick & Sutton,CA,,259
Great Barrington,"Corner of Main Street and State Road in front of the ""GB"" shrubbery",MA,,260
Great Falls,Civic Center Steps,MT,,261
Great Neck,,NY,,262
Green Bay,Green Bay CityDeck,WI,,263
Greeneville,Greene County Courthouse,TN,,264
Greenfield,Greenfield Town Common,MA,,265
Greenfield,,CA,,266
Greenport,Mitchell Park,NY,,267
Greensboro,Governmental Plaza,NC,,268
Greensboro,LeBauer Park,NC,,269
Greenville,Pitt County Courthouse,NC,,270
Greenville,Graham plaza at main,SC,,271
Greenwich,Town Hall,CT,,272
Gulfport,Steps & deck outside Gulfport Casino,FL,,273
Half Moon Bay,Mac Dutra Park,CA,,274
Hamilton,,NY,,275
Hammond,Hammond Federal Building,IN,,276
Hanover,Corner of Dartmouth College Green closest to Wheelock Street,NH,,277
Harrisburg,Capitol Steps,PA,,278
Harrisonburg,Court Square,VA,,279
Hart,Hart Commons,MI,,280
Harwich,"Western sidewalk of Rt 137, across from Rt. 6 Exit 11 east-bound off ramp stoplight",MA,,281
Haverhill,"White's Corner. Downtown Haverhill, in front of Market Basket PLaza",MA,,282
Healdsburg,Corner of Healdsburg Ave. & Matheson St.,CA,,283
Helena,Women's Park,MT,,284
Hendersonville,Hendersonville Historic Courthouse,NC,,285
Henry County,,TN,,286
Hernando,Senator Roger Wickers Office (In front of his office),MS,,287
Highland Park,,IL,,288
Hillsboro,,OR,,289
Hilo,,HI,,290
Holland,Centennial Park,MI,,291
Hollister,4th and San Benito Street,CA,,292
Hollywood,Diplomat Hotel,FL,,293
Honolulu,Hawaii State Capitol to the Oahu Federal Bldg.,HI,,294
Horsham,Kohler Park,PA,,295
Hot Springs,Bathhouse Row,AR,,296
Houghton,portage lift bridge,MI,,297
Houston,,TX,,298
Huntington Station,49 West Jericho tpke Intersection,NY,,299
Huntsville,Big Spring Park,AL,,300
Hyannis,Old Chili's location-Intersection rt132/rt28 in Hyannis at Airport Rotary,MA,,301
Idaho City,Courthouse Lawn,ID,,302
Idaho Falls,Bonneville County Courthouse,ID,,303
Idyllwild,Town Monument,CA,,304
Indiana,IRMC PARK,PA,,305
Indianapolis,US Court/Federal Building,IN,,306
Inverness,Old Citrus County Courthouse,FL,,307
Iowa City,Pentacrest and downtown Iowa City,IA,,308
Iron Mountain,City Hall,MI,,309
Irvine,Portola High School,CA,,310
Ithaca,"Bernie Milton Pavilion, Ithaca Commons",NY,,311
Jackson,Rep. Tim Walberg's Office,MI,,312
Jackson,Governor's Mansion,MS,,313
Jackson,Madison County Courthouse,TN,,314
Jackson Heights,,NY,,315
Jackson Hole,town square,WY,,316
Jacksonville,City Hall,FL,,317
Jensen Beach,Treasure Coast Mall Entrance,FL,,318
Johnson City,Founder park,TN,,319
Johnstown,,PA,,320
Joliet,Chicago St. Plaza,IL,,321
Jonesboro,Craighead County Courthouse,AR,,322
Juneau,Capital School Park,AK,,323
Kahului,Corner of Pu'unene and Ka'ahumanu,HI,,324
Kahului,Maui Community College,HI,,325
Kailua-Kona,Queen Ka'ahumanu HWY. South of Henry Street,HI,,326
Kalamazoo,Bronson Park,MI,,327
Kalispell,Depot Park,MT,,328
Kamuela,Church Row,HI,,329
Kanab,,UT,,330
Kansas City,Penn Valley Park,MO,,331
Keene,Central Square,NH,,332
Kennett Square,,PA,,333
Kenosha,Navy Memorial Park,WI,,334
Kerrville,Kerr County Courthouse Sidewalk,TX,,335
Ketchikan,Berth 4 Ketchikan dock,AK,,336
Ketchum,Ketchum Town Square,ID,,337
Key Largo,Murray Nelson Center,FL,,338
King City,Corner of Broadway Street and San Antonio Drive ,CA,,339
Kingman,Trinity Episcopal Church,AZ,,340
Kingston,Holy Cross Santa Cruz Church Parking Lot,NY,,341
Knoxville,City County Building,TN,,342
Kodiak,Main Downtown Intersection,AK,,343
La Crosse,Cameron Park,WI,,344
Lafayette,Federal Court,LA,,345
Laguna Beach,Main Beach / Laguna Beach,CA,,346
Lake Charles,Lock Park,LA,,347
Lake Worth,Old Lake Worth City Hall,FL,,348
Lakeland,Lake Mirror,FL,,349
Lakeport,Historic Lake County Courthouse Square,CA,,350
Lambertville,North Union Street Park,NJ,,351
Lancaster,Lancaster library,CA,,352
Lancaster,outside Lancaster County Courthouse,PA,,353
Lanesboro,Lanesboro Baseball field,MN,,354
Langley,,WA,,355
Lansing,Lansing Capitol Building,MI,,356
Laredo,City Hall,TX,,357
Las Vegas,U.S. Federal Courthouse,NV,,358
Lawrence,South Park,KS,,359
Lawrenceville,Gwinnett Justice Center,GA,,360
Lenexa,Shawnee Mission Park,KS,,361
Leonia,,NJ,,362
Lewiston,Sidewalks around Lewiston Public Library,ID,,363
Lewiston/Auburn,Longley Bridge- Auburn side,ME,,364
Lexington,Fayette County Circuit Court,KY,,365
Libby,,MT,,366
Liberty,Daniel Pavilion,TX,,367
Lido Beach,March along Lido Blvd. from Townhouses to Point Lookout,NY,,368
Lincoln,Sen. Deb Fischer Office,NE,,369
Lincoln,Nebraska State Capitol Building steps,NE,,370
Litchfield,Litchfield Town Green,CT,,371
Little Rock,State Capitol grounds,AR,,372
Littleton,Littleton Post Office,NH,,373
Livermore,Flag Pole in downtown Livermore,CA,,374
Livingston,Sidewalk at Depot Park,MT,,375
Logan,Cache County Courthouse,UT,,376
Logansport,Near Logansport Farmers Market,IN,,377
Long Beach,Cesar Chavez Park to Glenn Anderson Federal building,CA,,378
Longmont,,CO,,379
Longview,Heritage Plaza,TX,,380
Longview,Corner of 30th and Ocean Beach Hwy,WA,,381
Los Angeles,Downtown,CA,,382
Louisville,steps of Metro Hall,KY,,383
Louisville,ICE offices on Seventh Street,KY,,384
Lubbock,Tim Cole Statue Memorial Park,TX,,385
Ludington,Rotary Park,MI,,386
Lufkin,Angelina County Courthouse,TX,,387
Lumpkin,Stewart Detention Center,GA,,388
Lunenburg,Outside the Lunenburg Town Hall 17 Main Street,MA,,389
Machias,Lee Pellon Center parking lot across from Helens,ME,,390
Macomb,Chandler Park,IL,,391
Madison,"State Capitol, State St Entrance",WI,,392
Madisonville,First United Bank Plaza on Center Street,KY,,393
Madras,Corner of Hwy 97 and Hwy 26 across from Sonic,OR,,394
Malibu,Corner of Webb Way and PCH,CA,,395
Malone,Arsenal Green,NY,,396
Manchester,Manchester City Hall,NH,,397
Manchester Center,Adams Park,VT,,398
Manistee,Downtown,MI,,399
Mankato,Riverfront Park Outdoor Shelter,MN,,400
Mansfield,North Common,MA,,401
Marquette,Marquette Post Office,MI,,402
Marshalltown,Marshall County Courthouse,IA,,403
Mashpee,Mashpee Rotary,MA,,404
Mason City,Central Park,IA,,405
McAllen,U.S. Border Patrol McAllen Station,TX,,406
McCall,Downtown,ID,,407
McCook,Norris Park,NE,,408
McKinney,"Mitchell Park, near the Square",TX,,409
Medford,Vogel Plaza,OR,,410
Melbourne,Eau Gallie Causeway,FL,,411
Memphis,Gaisman Park,TN,,412
Menomonie,UW Stout Clocktower Plaze to Wilson Park and to the Children at Play sculpture,WI,,413
Merced,Courthouse Park,CA,,414
Meridian,Storey Park,ID,,415
Miami,Tropical Park,FL,,416
Miami,Miami Dade Wolfson Campus to Freedom Tower,FL,,417
Middletown,Union Green,CT,,418
Midland,Midland Park Mall,TX,,419
Milford,City Hall,CT,,420
Milford,Town Hall,MA,,421
Milford,,PA,,422
Milltown,St. Barnabas Episcopal Church,DE,,423
Milwaukee,517 E Wisconsin Ave,WI,,424
Mineral Point,Water Tower Park,WI,,425
Minneapolis,Minneapolis Convention Center,MN,,426
Minocqua,Downtown Minocqua. Meet in Municipal Parking Lot next to Veteran's Park & Post Office,WI,,427
Missoula,Missoula County Courthouse,MT,,428
Mobile,Public Safety Memorial Park,AL,,429
Modesto,Five Points,CA,,430
Monterey,Windows on the Bay,CA,,431
Monticello,,NY,,432
Montgomery,Capitol Sidewalk Dexter Ave,AL,,433
Montrose,Corner of Main Street and Townsend Avenue,CO,,434
Morehead,Fountain Park,KY,,435
Moreno Valley,Cardenas Market,CA,,436
Morgan Hill,Morgan Hill Community and Cultural Center,CA,,437
Morganton,,NC,,438
Mount Vernon,Skagit County courthouse,WA,,439
Mountain View,Civic Center Plaza,CA,,440
Murfreesboro,outside Rep Scott Desjarlais' office,TN,,441
Muscatine,Muscatine Riverside Park - By the Playground,IA,,442
Muskegon,Hackley Park,MI,,443
Myrtle Beach,Valor Memorial Park,SC,,444
Nacogdoches,Banita Creek Park,TX,,445
Nags Head,Dowdy Park and Nags Head Beach,NC,,446
Nantucket,Intersection of South Water St. and Broad St. Nantucket,MA,,447
Napa,Veterans Memorial Park,CA,,448
Naples,Collier County Jail,FL,,449
Nashua,Greeley Park Bandshell side of the Park,NH,,450
Nashville,Centennial Park,TN,,451
Natick,Natick Common,MA,,452
National City,,CA,,453
New Bedford,Bethel AME Church,MA,,454
New Brunswick,New Brunswick City Hall,NJ,,455
New City,Rockland County Courthouse,NY,,456
New London,Williams Park,CT,,457
New Orleans,Congo Square,LA,,458
New Paltz,in front of Elting Memorial Library,NY,,459
New Port Richey,Near Walmart on US 19 @ Ridge Rd,FL,,460
New Rochelle,New Rochelle United Methodist Church,NY,,461
New York,Foley Square to Brooklyn Bridge,NY,,462
New York,666 5th Avenue; near Trump Tower,NY,,463
New York,Jackson Heights; Corona; Queens,NY,,464
Newark,Newark City Hall,NJ,,465
Newburyport,Market Square,MA,,466
Newport News,Rouse Tower ,VA,,467
Newton,Old Newton Courthouse Lawn; Catawba County Museum of History,NC,,468
Nogales,1904 Courthouse,AZ,,469
Norfolk,US Customs and Border Patrol Office,VA,,470
Norfolk,Shoop Park,VA,,471
Norristown,steps of Montgomery County Courthouse,PA,,472
North Dartmouth,Bristol County House of Corrections,MA,,473
North Truro,Rt 6 and Shore Rd,MA,,474
Northborough,Ellsworth Park,MA,,475
Norwalk,Downtown Norwalk,OH,,476
Oakland,Near Lake Merritt,CA,,477
Oberlin,,OH,,478
Ocracoke,,NC,,479
Ojai,Libbey Park,CA,,480
Oklahoma City,Oklahoma State Capitol,OK,,481
Okoboji,Okoboji bridge between West Lake and East Lake,IA,,482
Olympia,"Capitol Campus, Legislative Steps",WA,,483
Omaha,Plaza de la Raza,NE,,484
Onalaska,Caribou coffee,WI,,485
Onancock,,VA,,486
Orlando,Outside Orlando City Hall,FL,,487
Orleans,Orleans Ma. rotary,MA,,488
Oshkosh,Main Street Sundial,WI,,489
Oswego,Corner of W Bridge & W First Streets,NY,,490
Ottawa,Jordan Block,IL,,491
Oxford,Memorial Park,OH,,492
Oxnard,Collections Shopping Center,CA,,493
Palm Springs,Frances Stevens Park,CA,,494
Palmetto Bay,Coral Reef Park,FL,,495
Palo Alto,El Camino Real and Embarcadero Road,CA,,496
Panama City,Hathaway Bridge,FL,,497
Paonia,,CO,,498
Paris,Culbertson Fountain on the Downtown Square,TX,,499
Parkersburg,Bicentennial Park,WV,,500
Pasadena,Pasadena City College,CA,,501
Payson,Intersection of highway 87 and 260,AZ,,502
Peabody,Temple Tiferet Shalom,MA,,503
Pensacola,City Hall,FL,,504
Peterborough,,NH,,505
Peoria,Federal Building and U.S. Courthouse,IL,,506
Petaluma,"Petaluma Mail Depot , parking lot (4th & C streets)",CA,,507
Petoskey,"People's Park - ""Hole in the Ground""",MI,,508
Philadelphia,Philadelphia City Hall North Plaza,PA,,509
Phoenix,Arizona Senate,AZ,,510
Piedmont,Montclair Park,CA,,511
Pikeville,"University of Pikeville, at the bottom of the 99 Steps",KY,,512
Pinedale,Jackie Downie's House,WY,,513
Pinetop,White Mountain Blvd.,AZ,,514
Pittsboro,"Historic Courthouse, Downtown Pittsboro",NC,,515
Pittsburg,John Buckley Square,CA,,516
Pittsburgh,Mellon Square,PA,,517
Pittsfield,Park Square,MA,,518
Plattsburgh,Downtown Plattsburgh,NY,,519
Pleasanton,Delucchi Park,CA,,520
Pocatello,Caldwell Park,ID,,521
Point Arena,In front of our threatened Point Arena Post Office,CA,,522
Pontiac,Pontiac Public Library,MI,,523
Poolesville,Whalen Commons,MD,,524
Port Angeles,"Port Angeles Border Patrol Station (lawn, outside gates)",WA,,525
Port Clinton,,OH,,526
Port Huron,ICE Detention Center,MI,,527
Portland,Portland City Hall,ME,,528
Portland,North Park Blocks,OR,,529
Portsmouth,Market Square in front of the North Church downtown,NH,,530
Portsmouth,Tracy Park,OH,,531
Potsdam,Potsdam Presbyterian Church,NY,,532
Prescott,Prescott Square,AZ,,533
Presque Isle,Outside Hardscrabble Solutions,ME,,534
Princeton,Hinds Plaza,NJ,,535
Prospect Harbor,in front of Gouldsboro Town Office,ME,,536
Providence,State House,RI,,537
Providence,Pontiac Ave,RI,,538
Provincetown,Town Hall,MA,,539
Provo,steps of Historic Utah County Courthouse,UT,,540
Pueblo,Pueblo County Courthouse,CO,,541
Pullman,Cougar Plaza to Reaney Park,WA,,542
Quincy,Second String Music,IL,,543
Racine,Speaker Paul Ryan's office,WI,,544
Raleigh,City Plaza,NC,,545
Ramona,10th and Main Street,CA,,546
Rapid City,Memorial Park,SD,,547
Reading,Reading Town Common,MA,,548
Red Bank,Riverside Gardens Park,NJ,,549
Red Bank,Marine Park,NJ,,550
Redding,Redding City Hall; Cypress Ave,CA,,551
Redmond,Centennial Park,OR,,552
Redondo Beach,Intersection of Hawthorne and Artesia boulevards,CA,,553
Redwood City,Redwood City Courthouse Square,CA,,554
Reno,Reno City Hall,NV,,555
Reno,Reno Federal Building,NV,,556
Rhinebeck,Episcopal Church of the Messiah,NY,,557
Richmond,ICE/West County Detention Center,CA,,558
Richmond,Richmond Municipal Building,IN,,559
Richmond,Virginia Civil Rights Monument,VA,,560
Riverside,Galleria at Tyler,CA,,561
Roanoke,Roanoke Downtown Library,VA,,562
Rochester,Peace Plaza,MN,,563
Rochester,Washington Square Park,NY,,564
Rochester,Federal Building and ICE Office,NY,,565
Rockford,City Hall,IL,,566
Rock Hill,outside U.S. Sen. Lindsey Graham's Rock Hill office,SC,,567
Rockville Centre,,NY,,568
Roseburg,Garden Valley Blvd,OR,,569
Rosewell,,NM,,570
Rouses Point,U.S. Customs and Border Protection Rouses Point,NY,,571
Rutherford,Rutherford Congregational Church,NJ,,572
Rutland,Main Street Park,VT,,573
Sacramento,US Citizenship and Immigration Services,CA,,574
Saint Augustine,Plaza de la Constitución,FL,,575
Saint Charles,Randall & 64,IL,,576
Saint George,St. George Blvd,UT,,577
Saint Joseph,On the bluff in downtown St. Joseph,MI,,578
Saint Joseph,francis street united methodist church,MO,,579
Saint Louis,Kiener Plaza East,MO,,580
Salem,Oregon State Capitol,OR,,581
Salida,Centennial Park - Hwy 50 at Holman,CO,,582
Salisbury,,MD,,583
Salisbury,Kelsey Scott Park,NC,,584
Salt Lake City,Utah State Capitol,UT,,585
San Antonio,San Fernando Cathedral,TX,,586
San Bernardino,655 W Rialto Ave; outside Homeland Security office,CA,,587
San Diego,Waterfront Park,CA,,588
San Francisco,Civic Center Plaza,CA,,589
San Jose,San Jose City Hall,CA,,590
San Leandro,San Leandro City Hall,CA,,591
San Luis,Friendship Park,AZ,,592
San Luis Obispo,SLO County Courthouse,CA,,593
San Mateo,,CA,,594
Sandpoint,Bonner County Courthouse on First Avenue,ID,,595
Sandwich,SandwichFest,MA,,596
Santa Barbara,De La Guerra Plaza,CA,,597
Santa Clarita,city hall,CA,,598
Santa Cruz,Santa Cruz City Hall 809 Center St. and Abbott Square 118 Copper St.,CA,,599
Santa Fe,Railyard Park,NM,,600
Santa Maria,ICE facility,CA,,601
Santa Rosa,"Courthouse Square, Downtown Santa Rosa",CA,,602
Saranac Lake,Riverside Park,NY,,603
Sarasota,Five Points Park,FL,,604
Saratoga Springs,Congress Park,NY,,605
Sault Ste Marie,the eagle statue near Superior Coffee,MI,,606
Savannah,Johnson Square to City Hall,GA,,607
Scottsbluff,Deb Fischer's Office,NE,,608
Scranton,Lackawanna County Courthouse Square,PA,,609
Seattle,SeaTac Detention Center,WA,,610
Sebastian,Riverview Park,FL,,611
Sebastopol,Sebastopol Plaza,CA,,612
Sebring,Sebring High School,FL,,613
Sharon,Post Office Square,MA,,614
Sherman,Grayson County Courthouse Lawn,TX,,615
Sherwood,Hopkins Elementary School,OR,,616
Shorewood,,WI,,617
Shreveport,Caddo Parish Courthouse,LA,,618
Silver CIty,,NM,,619
Sioux City,Long Lines Family Recreation Center,IA,,620
Sioux Falls ,Sidewalks in front of KELO TV station; Fawick Park,SD,,621
Sitka,Crescent Harbor Shelter and the streets of Sitka,AK,,622
Smyrna,,TN,,623
Socorro,Socorro Historic Plaza,NM,,624
Solvang,SOLVANG PARK,CA,,625
Sonoma,Sonoma Plaza,CA,,626
Sonora,Southeast Corner of Mono and Greenley Rd. Intersection,CA,,627
South Bend,Marycrest Building,IN,,628
Southbury,Playhouse Corner,CT,,629
Southport,Waterfront Park,NC,,630
Spokane,Grant Park,WA,,631
Spring Hill,Spring Hill waterfall,FL,,632
Springfield,Old State Capitol,IL,,633
Springfield,Court Square,MA,,634
Springfield,,MO,,635
St George,downtown,UT,,636
Stamford,Stamford Government Center,CT,,637
Starkville,Walking Bridge on University Drive to City Hall,MS,,638
State College,Allen Street Gates,PA,,639
Staten Island,Borough Hall,NY,,640
Statesville,Mitchell College,NC,,641
Staunton,Gypsy Hill Park,VA,,642
Steamboat Springs,Routt County Courthouse Sidewalk,CO,,643
Stevens Point,Division Str,WI,,644
Stevenson Ranch,Richard Rioux Park,CA,,645
Stockton,MLK Plaza,CA,,646
Stratford,Town Hall,CT,,647
Swarthmore,Swarthmore Town Center,PA,,648
Sycamore,DeKalb County Courthouse,IL,,649
Syracuse,Perseverance Park,NY,,650
Tacoma,Wright Park,WA,,651
Tahlequah,Cherokee County,OK,,652
Tallahassee,Florida Capitol Building,FL,,653
Tampa,Joe Chillura Courthouse Square,FL,,654
Telluride,Wilkinson Public Library Terrace Patio,CO,,655
Temecula,Duck Pond,CA,,656
Terre Haute,VIgo County Courthouse of the Prosecuting Attorney,IN,,657
The Dalles,Federal Post Office Sidewalk,OR,,658
The Villages,Lake Sumter Landing Town Square,FL,,659
Tierra Amarilla,,NM,,660
Toledo,Love Wall,OH,,661
Toms River,Ocean County Library,NJ,,662
Topeka,State Capitol,KS,,663
Tracy,E Eaton Ave,CA,,664
Traverse City,Traverse City Courthouse,MI,,665
Tri-Cities,,WA,,666
Troy,Gateway Park,MI,,667
Troy,Lincoln County Sheriff's Department-ICE Detention Center,MO,,668
Truckee,Out front of Old Jail,CA,,669
Truth or Consequences,Ralph Edwards Park,NM,,670
Tulsa,David L Moss Detention Center,OK,,671
Tupelo,Fairpark,MS,,672
Twin Falls,Twin Falls Visitor Center,ID,,673
Ukiah,"Meet at Pear Tree Shopping Center, Perkins west of Orchard",CA,,674
Ullin,Tri-County Detention Center,IL,,675
University Park,University Park Town Field,MD,,676
Vacaville,Vacaville Town Square,CA,,677
Valdez,Outside A Rogue’s Garden,AK,,678
Valdosta,Lowndes County Courthouse,GA,,679
Valencia,Corner of McBean Pkwy and Valencia Blvd,CA,,680
Vallejo,Unity Plaza,CA,,681
Vancouver,"March from 750 Anderson to Esther Short Park , Bell Tower community Square, West Sixth St and Columbia",WA,,682
Ventura,Ventura County Government Center,CA,,683
Vermillion,,SD,,684
Victorville,outside Federal Prison,CA,,685
Vinalhaven,Vinalhaven Flea Market Field,ME,,686
Vineyard Haven,"Five Corners, Vineyard Haven",MA,,687
Virginia,Corner of Highway 53 and 12th Ave,MN,,688
Virginia Beach,Mount Trashmore Park,VA,,689
Visalia,St. Paul's Episcopal Church,CA,,690
Waimea,,HI,,691
Walla Walla,First Congregational Church,WA,,692
Waltham,,MA,,693
Washington,Lafayette Square; White House,DC,,694
Watertown,,NY,,695
Watsonville,Watsonville City Plaza,CA,,696
Wausau,400 Block,WI,,697
Wellfleet,Rt 6,MA,,698
Wellfleet,Wellfleet Town Hall Lawn,MA,,699
Wenatchee,Memorial Park,WA,,700
West Chester,Historic West Chester Courthouse Steps,PA,,701
West Hartford,Farmington and Main,CT,,702
West Hollywood,WeHo - corner of San Vicente and Santa Monica Boulevard,CA,,703
West Leyden,,NY,,704
West Palm Beach,Mar a Lago,FL,,705
West Plains,People's Park - Broadway and Porter Waggoner,MO,,706
West Point,,CA,,707
West Seattle,Lincoln Park,WA,,708
Westborough,Westborough Rotary Club,MA,,709
Westbury,Post Avenue,NY,,710
Westlake Village,Promenade at Westlake,CA,,711
Westminster,Main St at Locust Lane,MD,,712
Wheeling,Market Plaza,WV,,713
White Plains,White Plains Federal Courthouse,NY,,714
Wichita,City Hall,KS,,715
Wichita Falls,Lucy Park,TX,,716
Wilkes Barre,Wilkes Barre Public Square,PA,,717
Williamstown,Field Park,MA,,718
Willimantic,Main St. and Jackson St.,CT,,719
Wilmington,Cool Springs Park,DE,,720
Wilmington,St. Barnabas's Church; Thalian Hall,NC,,721
Wilmington,,OH,,722
Wilton,Wilton Public Library,NH,,723
Winston Salem,Merschel Plaza,NC,,724
Wisconsin Rapids,Centralia Center across Grand Avenue bridge then over Jackson Street bridge,WI,,725
Woodbury,,NJ,,726
Woodstock,McHenry County Jail,NY,,727
Wooster,Downtown public square,OH,,728
Worcester,City Hall,MA,,729
Yakima,Corner of 1st St and Yakima Ave.; US Rep. Dan Newhouse’s district office,WA,,730
York,ICE Detention Center and Immigration Court,PA,,731
Youngstown,Federal Plaza,OH,,732
Yucca Valley,Northeast corner Hwy 62 and Hwy 247 (29 Palms Hwy at Old Woman Springs Rd),CA,,733
Yuma ,Rural Communities Resource Center to the Yuma City Park Picnic Pavilion,CO,,734
